,Model,Precision,Avg-Recall,Recall Class 0,F1-Score,Accuracy,AUC (Macro),Training Time
0,KNN,0.6915612519301014,0.6630452950724827,0.6963269529229178,0.6742561599852266,0.70995,0.8545715296413431,0.007498025894165039
1,Logistic Regression,0.6363989822894376,0.6148563905913055,0.520434557682359,0.6216886202543308,0.654,0.8166652010576626,1.926123857498169
2,Decision Tree,0.7021846689641337,0.6981517164917704,0.6868425590619073,0.700121710216678,0.7174,0.7679562663014746,1.5613901615142822
3,Naive Bayes,0.6195785932068484,0.6796561371595754,0.7323676495947578,0.6073728152978098,0.6081,0.769285246448455,0.0229799747467041
