,Model,Precision,Avg-Recall,Recall Class 0,F1-Score,Accuracy,AUC (Macro),Training Time
0,Soft Voting Classifier,0.7096077707720209,0.7414852207075867,0.7318503190205208,0.7212283474118991,0.7358,0.8829588708050394,3.783565044403076
1,Hard Voting Classifier,0.7066834420144888,0.7146678733112256,0.7825487152957407,0.7092094082524798,0.72685,,3.1705029010772705
2,Soft Voting Classifier with 3 Base Model,0.7229492882789114,0.7539147732335562,0.7677185721676151,0.7351828375071466,0.74755,0.8824958135117784,1.5810668468475342
3,Hard Voting Classifier with 3 Base Model,0.7202460466771333,0.7487363858458896,0.7999655112950509,0.7310864487154592,0.7418,,1.5609240531921387
