,Model,Precision,Avg-Recall,Recall Class 0,F1-Score,Accuracy,AUC (Macro),Training Time
0,Soft Voting Classifier,0.7513017901658484,0.7818453900804895,0.7977237454733574,0.7638304497216811,0.77375,0.9040720136143409,61.3130578994751
1,Hard Voting Classifier,0.7436858955705516,0.7568257740811207,0.8439386101051906,0.7470831642444685,0.75775,,59.18352675437927
2,Soft Voting Classifier with 3 Base Models,0.7627249815205541,0.792694121097154,0.8156578720469047,0.7752367054658406,0.78335,0.9050180749351604,1.581712245941162
3,Hard Voting Classifier with 3 Base Models,0.7584253042581457,0.7857114807129464,0.8561821003621314,0.7679221128256793,0.775,,1.5422821044921875
