,Model,Precision,Avg-Recall,Recall Class 0,F1-Score,Accuracy,AUC (Macro),Training Time
0,KNN,0.7724514037966673,0.7740246020755461,0.8094499051560614,0.7726976043224839,0.7852,0.9037695540004274,0.010305643081665039
1,Logistic Regression,0.6366277310565954,0.6151629549644388,0.5206070012071047,0.6219700978175132,0.65415,0.8166677054697885,57.9317901134491
2,Decision Tree,0.7020775873353023,0.6935972147196812,0.7252974650801862,0.6970140172608809,0.7161,0.7894429859812916,1.628244161605835
3,Naive Bayes,0.6195785932068484,0.6796561371595754,0.7323676495947578,0.6073728152978098,0.6081,0.769285246448455,0.023706912994384766
